SERIAL,NAME,TYPE1,TYPE2,Effectiveness_Type1,Effectiveness_Type2,Total_Effectiveness
751,Graveler,Rock,Ground,20.5,21.0,41.5
951,Onix,Rock,Ground,20.5,21.0,41.5
4641,Rhyperior,Ground,Rock,21.0,20.5,41.5
1111,Rhyhorn,Ground,Rock,21.0,20.5,41.5
1121,Rhydon,Ground,Rock,21.0,20.5,41.5
2471,Pupitar,Rock,Ground,20.5,21.0,41.5
2461,Larvitar,Rock,Ground,20.5,21.0,41.5
761,Golem,Rock,Ground,20.5,21.0,41.5
741,Geodude,Rock,Ground,20.5,21.0,41.5
2211,Piloswine,Ice,Ground,20.0,21.0,41.0
4731,Mamoswine,Ice,Ground,20.0,21.0,41.0
3221,Numel,Fire,Ground,20.0,21.0,41.0
3832,Primal Groudon,Ground,Fire,21.0,20.0,41.0
3231,Camerupt,Fire,Ground,20.0,21.0,41.0
3232,Mega Camerupt,Fire,Ground,20.0,21.0,41.0
2201,Swinub,Ice,Ground,20.0,21.0,41.0
4232,Gastrodon,Water,Ground,19.5,21.0,40.5
5361,Palpitoad,Water,Ground,19.5,21.0,40.5
2191,Magcargo,Fire,Rock,20.0,20.5,40.5
2591,Marshtomp,Water,Ground,19.5,21.0,40.5
2071,Gligar,Ground,Flying,21.0,19.5,40.5
1951,Quagsire,Water,Ground,19.5,21.0,40.5
3391,Barboach,Water,Ground,19.5,21.0,40.5
2601,Swampert,Water,Ground,19.5,21.0,40.5
8381,Carkol,Rock,Fire,20.5,20.0,40.5
8391,Coalossal,Rock,Fire,20.5,20.0,40.5
1941,Wooper,Water,Ground,19.5,21.0,40.5
5371,Seismitoad,Water,Ground,19.5,21.0,40.5
6991,Aurorus,Rock,Ice,20.5,20.0,40.5
6452,Landorus,Ground,Flying,21.0,19.5,40.5
6451,Landorus,Ground,Flying,21.0,19.5,40.5
4231,Gastrodon,Water,Ground,19.5,21.0,40.5
6981,Amaura,Rock,Ice,20.5,20.0,40.5
4721,Gliscor,Ground,Flying,21.0,19.5,40.5
3401,Whiscash,Water,Ground,19.5,21.0,40.5
2602,Mega Swampert,Water,Ground,19.5,21.0,40.5
2221,Corsola,Water,Rock,19.5,20.5,40.0
502,Diglett,Ground,Steel,21.0,19.0,40.0
512,Dugtrio,Ground,Steel,21.0,19.0,40.0
5671,Archeops,Rock,Flying,20.5,19.5,40.0
7191,Diancie,Rock,Fairy,20.5,19.5,40.0
5301,Excadrill,Ground,Steel,21.0,19.0,40.0
6391,Terrakion,Rock,Fighting,20.5,19.5,40.0
7742,Minior,Rock,Flying,20.5,19.5,40.0
7741,Minior,Rock,Flying,20.5,19.5,40.0
7192,Mega Diancie,Rock,Fairy,20.5,19.5,40.0
5651,Carracosta,Water,Rock,19.5,20.5,40.0
5661,Archen,Rock,Flying,20.5,19.5,40.0
2082,Mega Steelix,Steel,Ground,19.0,21.0,40.0
3691,Relicanth,Water,Rock,19.5,20.5,40.0
1401,Kabuto,Rock,Water,20.5,19.5,40.0
6881,Binacle,Rock,Water,20.5,19.5,40.0
6891,Barbaracle,Rock,Water,20.5,19.5,40.0
1381,Omanyte,Rock,Water,20.5,19.5,40.0
6182,Stunfisk,Ground,Steel,21.0,19.0,40.0
1391,Omastar,Rock,Water,20.5,19.5,40.0
5641,Tirtouga,Water,Rock,19.5,20.5,40.0
5554,Darmanitan,Ice,Fire,20.0,20.0,40.0
2081,Steelix,Steel,Ground,19.0,21.0,40.0
1422,Mega Aerodactyl,Rock,Flying,20.5,19.5,40.0
8341,Drednaw,Water,Rock,19.5,20.5,40.0
1411,Kabutops,Rock,Water,20.5,19.5,40.0
7031,Carbink,Rock,Fairy,20.5,19.5,40.0
1421,Aerodactyl,Rock,Flying,20.5,19.5,40.0
7411,Oricorio,Fire,Flying,20.0,19.5,39.5
6221,Golett,Ground,Ghost,21.0,18.5,39.5
3631,Spheal,Ice,Water,20.0,19.5,39.5
3641,Sealeo,Ice,Water,20.0,19.5,39.5
871,Dewgong,Water,Ice,19.5,20.0,39.5
911,Cloyster,Water,Ice,19.5,20.0,39.5
3651,Walrein,Ice,Water,20.0,19.5,39.5
6231,Golurk,Ground,Ghost,21.0,18.5,39.5
7211,Volcanion,Fire,Water,20.0,19.5,39.5
2251,Delibird,Ice,Flying,20.0,19.5,39.5
7401,Crabominable,Fighting,Ice,19.5,20.0,39.5
1311,Lapras,Water,Ice,19.5,20.0,39.5
5622,Yamask,Ghost,Ground,18.5,21.0,39.5
4101,Shieldon,Rock,Steel,20.5,19.0,39.5
61,Charizard,Fire,Flying,20.0,19.5,39.5
63,Mega Charizard Y,Fire,Flying,20.0,19.5,39.5
6631,Talonflame,Fire,Flying,20.0,19.5,39.5
8831,Arctovish,Water,Ice,19.5,20.0,39.5
3061,Aggron,Steel,Rock,19.0,20.5,39.5
3051,Lairon,Steel,Rock,19.0,20.5,39.5
3041,Aron,Steel,Rock,19.0,20.5,39.5
8671,Runerigus,Ground,Ghost,21.0,18.5,39.5
4761,Probopass,Rock,Steel,20.5,19.0,39.5
6621,Fletchinder,Fire,Flying,20.0,19.5,39.5
1441,Articuno,Ice,Flying,20.0,19.5,39.5
8051,Stakataka,Rock,Steel,20.5,19.0,39.5
1461,Moltres,Fire,Flying,20.0,19.5,39.5
7691,Sandygast,Ghost,Ground,18.5,21.0,39.5
4111,Bastiodon,Rock,Steel,20.5,19.0,39.5
3921,Infernape,Fire,Fighting,20.0,19.5,39.5
7701,Palossand,Ghost,Ground,18.5,21.0,39.5
5001,Emboar,Fire,Fighting,20.0,19.5,39.5
382,Ninetales,Ice,Fairy,20.0,19.5,39.5
2572,Mega Blaziken,Fire,Fighting,20.0,19.5,39.5
2571,Blaziken,Fire,Fighting,20.0,19.5,39.5
2561,Combusken,Fire,Fighting,20.0,19.5,39.5
3911,Monferno,Fire,Fighting,20.0,19.5,39.5
4991,Pignite,Fire,Fighting,20.0,19.5,39.5
2501,Ho-Oh,Fire,Flying,20.0,19.5,39.5
5531,Krookodile,Ground,Dark,21.0,18.5,39.5
5511,Sandile,Ground,Dark,21.0,18.5,39.5
5521,Krokorok,Ground,Dark,21.0,18.5,39.5
1761,Togetic,Fairy,Flying,19.5,19.5,39.0
1831,Marill,Water,Fairy,19.5,19.5,39.0
7011,Hawlucha,Fighting,Flying,19.5,19.5,39.0
6471,Keldeo,Water,Fighting,19.5,19.5,39.0
1841,Azumarill,Water,Fairy,19.5,19.5,39.0
3441,Claydol,Ground,Psychic,21.0,18.0,39.0
6472,Keldeo,Water,Fighting,19.5,19.5,39.0
7301,Primarina,Water,Fairy,19.5,19.5,39.0
621,Poliwrath,Water,Fighting,19.5,19.5,39.0
2791,Pelipper,Water,Flying,19.5,19.5,39.0
2781,Wingull,Water,Flying,19.5,19.5,39.0
272,Sandshrew,Ice,Steel,20.0,19.0,39.0
282,Sandslash,Ice,Steel,20.0,19.0,39.0
4851,Heatran,Fire,Steel,20.0,19.0,39.0
3431,Baltoy,Ground,Psychic,21.0,18.0,39.0
7881,Tapu Fini,Water,Fairy,19.5,19.5,39.0
2482,Mega Tyranitar,Rock,Dark,20.5,18.5,39.0
2481,Tyranitar,Rock,Dark,20.5,18.5,39.0
8451,Cramorant,Flying,Water,19.5,19.5,39.0
1301,Gyarados,Water,Flying,19.5,19.5,39.0
4581,Mantyke,Water,Flying,19.5,19.5,39.0
2261,Mantine,Water,Flying,19.5,19.5,39.0
5801,Ducklett,Water,Flying,19.5,19.5,39.0
5811,Swanna,Water,Flying,19.5,19.5,39.0
8922,Urshifu,Fighting,Water,19.5,19.5,39.0
4681,Togekiss,Fairy,Flying,19.5,19.5,39.0
4482,Mega Lucario,Fighting,Steel,19.5,19.0,38.5
4481,Lucario,Fighting,Steel,19.5,19.0,38.5
4452,Mega Garchomp,Dragon,Ground,17.5,21.0,38.5
4611,Weavile,Dark,Ice,18.5,20.0,38.5
3032,Mega Mawile,Steel,Fairy,19.0,19.5,38.5
3031,Mawile,Steel,Fairy,19.0,19.5,38.5
4451,Garchomp,Dragon,Ground,17.5,21.0,38.5
4441,Gabite,Dragon,Ground,17.5,21.0,38.5
4431,Gible,Dragon,Ground,17.5,21.0,38.5
3371,Lunatone,Rock,Psychic,20.5,18.0,38.5
4781,Froslass,Ice,Ghost,20.0,18.5,38.5
2901,Nincada,Bug,Ground,17.5,21.0,38.5
6181,Stunfisk,Electric,Ground,17.5,21.0,38.5
3381,Solrock,Rock,Psychic,20.5,18.0,38.5
3301,Flygon,Ground,Dragon,21.0,17.5,38.5
2291,Houndoom,Dark,Fire,18.5,20.0,38.5
6381,Cobalion,Steel,Fighting,19.0,19.5,38.5
2281,Houndour,Dark,Fire,18.5,20.0,38.5
2271,Skarmory,Steel,Flying,19.0,19.5,38.5
2151,Sneasel,Dark,Ice,18.5,20.0,38.5
6071,Litwick,Ghost,Fire,18.5,20.0,38.5
6081,Lampent,Ghost,Fire,18.5,20.0,38.5
6091,Chandelure,Ghost,Fire,18.5,20.0,38.5
2292,Mega Houndoom,Dark,Fire,18.5,20.0,38.5
3291,Vibrava,Ground,Dragon,21.0,17.5,38.5
1052,Marowak,Fire,Ghost,20.0,18.5,38.5
8231,Conviknight,Flying,Steel,19.5,19.0,38.5
7183,Zygarde,Dragon,Ground,17.5,21.0,38.5
3891,Torterra,Grass,Ground,17.5,21.0,38.5
7271,Incineroar,Fire,Dark,20.0,18.5,38.5
3951,Empoleon,Water,Steel,19.5,19.0,38.5
4132,Wormadam,Bug,Ground,17.5,21.0,38.5
7181,Zygarde,Dragon,Ground,17.5,21.0,38.5
7971,Celesteela,Steel,Flying,19.0,19.5,38.5
7071,Klefki,Steel,Fairy,19.0,19.5,38.5
8011,Magearna,Steel,Fairy,19.0,19.5,38.5
8061,Blacephalon,Fire,Ghost,20.0,18.5,38.5
7182,Zygarde,Dragon,Ground,17.5,21.0,38.5
8892,Zamazanta,Fighting,Steel,19.5,19.0,38.5
8882,Zacian,Fairy,Steel,19.5,19.0,38.5
752,Graveler,Rock,Electric,20.5,17.5,38.0
2131,Shuckle,Bug,Rock,17.5,20.5,38.0
5921,Frillish,Water,Ghost,19.5,18.5,38.0
5931,Jellicent,Water,Ghost,19.5,18.5,38.0
3192,Mega Sharpedo,Water,Dark,19.5,18.5,38.0
762,Golem,Rock,Electric,20.5,17.5,38.0
1981,Murkrow,Dark,Flying,18.5,19.5,38.0
8591,Impidimp,Dark,Fairy,18.5,19.5,38.0
4301,Honchkrow,Dark,Flying,18.5,19.5,38.0
3451,Lileep,Rock,Grass,20.5,17.5,38.0
3461,Cradily,Rock,Grass,20.5,17.5,38.0
6301,Mandibuzz,Dark,Flying,18.5,19.5,38.0
3471,Anorith,Rock,Bug,20.5,17.5,38.0
3481,Armaldo,Rock,Bug,20.5,17.5,38.0
8921,Urshifu,Fighting,Dark,19.5,18.5,38.0
4261,Drifblim,Ghost,Flying,18.5,19.5,38.0
742,Geodude,Rock,Electric,20.5,17.5,38.0
7414,Oricorio,Ghost,Flying,18.5,19.5,38.0
5601,Scrafty,Dark,Fighting,18.5,19.5,38.0
5591,Scraggy,Dark,Fighting,18.5,19.5,38.0
8021,Marshadow,Fighting,Ghost,19.5,18.5,38.0
8601,Morgrem,Dark,Fairy,18.5,19.5,38.0
311,Nidoqueen,Poison,Ground,17.0,21.0,38.0
4941,Victini,Psychic,Fire,18.0,20.0,38.0
341,Nidoking,Poison,Ground,17.0,21.0,38.0
3421,Crawdaunt,Water,Dark,19.5,18.5,38.0
8611,Grimmsnarl,Dark,Fairy,18.5,19.5,38.0
8661,Mr. Rime,Ice,Psychic,20.0,18.0,38.0
7781,Mimikyu,Ghost,Fairy,18.5,19.5,38.0
5552,Darmanitan,Fire,Psychic,20.0,18.0,38.0
3181,Carvanha,Water,Dark,19.5,18.5,38.0
5571,Dwebble,Bug,Rock,17.5,20.5,38.0
3191,Sharpedo,Water,Dark,19.5,18.5,38.0
2381,Smoochum,Ice,Psychic,20.0,18.0,38.0
5581,Crustle,Bug,Rock,17.5,20.5,38.0
1222,Mr. Mime,Psychic,Ice,18.0,20.0,38.0
6291,Vullaby,Dark,Flying,18.5,19.5,38.0
6751,Pangoro,Fighting,Dark,19.5,18.5,38.0
6551,Delphox,Fire,Psychic,20.0,18.0,38.0
6581,Greninja,Water,Dark,19.5,18.5,38.0
6971,Tyrantrum,Rock,Dragon,20.5,17.5,38.0
6961,Tyrunt,Rock,Dragon,20.5,17.5,38.0
4251,Drifloon,Ghost,Flying,18.5,19.5,38.0
1241,Jynx,Ice,Psychic,20.0,18.0,38.0
6582,Greninja,Water,Dark,19.5,18.5,38.0
1302,Mega Gyarados,Water,Dark,19.5,18.5,38.0
7171,Yveltal,Dark,Flying,18.5,19.5,38.0
4751,Gallade,Psychic,Fighting,18.0,19.5,37.5
8511,Centiskorch,Fire,Bug,20.0,17.5,37.5
8581,Hatterene,Psychic,Fairy,18.0,19.5,37.5
7861,Tapu Lele,Psychic,Fairy,18.0,19.5,37.5
1211,Starmie,Water,Psychic,19.5,18.0,37.5
1502,Mega Mewtwo X,Psychic,Fighting,18.0,19.5,37.5
1221,Mr. Mime,Psychic,Fairy,18.0,19.5,37.5
6801,Doublade,Steel,Ghost,19.0,18.5,37.5
8721,Snom,Ice,Bug,20.0,17.5,37.5
7413,Oricorio,Psychic,Flying,18.0,19.5,37.5
4752,Mega Gallade,Psychic,Fighting,18.0,19.5,37.5
2822,Mega Gardevoir,Psychic,Fairy,18.0,19.5,37.5
8501,Sizzlipede,Fire,Bug,20.0,17.5,37.5
4792,Rotom,Electric,Fire,17.5,20.0,37.5
4794,Rotom,Electric,Ice,17.5,20.0,37.5
3071,Meditite,Fighting,Psychic,19.5,18.0,37.5
2821,Gardevoir,Psychic,Fairy,18.0,19.5,37.5
5611,Sigilyph,Psychic,Flying,18.0,19.5,37.5
2811,Kirlia,Psychic,Fairy,18.0,19.5,37.5
2801,Ralts,Psychic,Fairy,18.0,19.5,37.5
6791,Honedge,Steel,Ghost,19.0,18.5,37.5
7761,Turtonator,Fire,Dragon,20.0,17.5,37.5
7791,Bruxish,Water,Psychic,19.5,18.0,37.5
2491,Lugia,Psychic,Flying,18.0,19.5,37.5
5281,Swoobat,Psychic,Flying,18.0,19.5,37.5
7931,Nihilego,Rock,Poison,20.5,17.0,37.5
8731,Frosmoth,Ice,Bug,20.0,17.5,37.5
5271,Woobat,Psychic,Flying,18.0,19.5,37.5
6461,Kyurem,Dragon,Ice,17.5,20.0,37.5
3081,Medicham,Fighting,Psychic,19.5,18.0,37.5
6812,Aegislash,Steel,Ghost,19.0,18.5,37.5
6361,Larvesta,Bug,Fire,17.5,20.0,37.5
1771,Natu,Psychic,Flying,18.0,19.5,37.5
6371,Volcarona,Bug,Fire,17.5,20.0,37.5
6431,Reshiram,Dragon,Fire,17.5,20.0,37.5
1781,Xatu,Psychic,Flying,18.0,19.5,37.5
4591,Snover,Grass,Ice,17.5,20.0,37.5
6251,Bisharp,Dark,Steel,18.5,19.0,37.5
6241,Pawniard,Dark,Steel,18.5,19.0,37.5
4601,Abomasnow,Grass,Ice,17.5,20.0,37.5
4602,Mega Abomasnow,Grass,Ice,17.5,20.0,37.5
6811,Aegislash,Steel,Ghost,19.0,18.5,37.5
6462,Kyurem,Dragon,Ice,17.5,20.0,37.5
8811,Arctozolt,Electric,Ice,17.5,20.0,37.5
3082,Mega Medicham,Fighting,Psychic,19.5,18.0,37.5
6463,Kyurem,Dragon,Ice,17.5,20.0,37.5
62,Mega Charizard X,Fire,Dragon,20.0,17.5,37.5
4391,Mime Jr.,Psychic,Fairy,18.0,19.5,37.5
1991,Slowking,Water,Psychic,19.5,18.0,37.5
803,Mega Slowbro,Water,Psychic,19.5,18.0,37.5
801,Slowbro,Water,Psychic,19.5,18.0,37.5
791,Slowpoke,Water,Psychic,19.5,18.0,37.5
782,Rapidash,Psychic,Fairy,18.0,19.5,37.5
4841,Palkia,Water,Dragon,19.5,17.5,37.0
2721,Ludicolo,Water,Grass,19.5,17.5,37.0
2711,Lombre,Water,Grass,19.5,17.5,37.0
3741,Beldum,Steel,Psychic,19.0,18.0,37.0
4371,Bronzong,Steel,Psychic,19.0,18.0,37.0
2701,Lotad,Water,Grass,19.5,17.5,37.0
6661,Vivillon,Bug,Flying,17.5,19.5,37.0
4421,Spiritomb,Ghost,Dark,18.5,18.5,37.0
2671,Beautifly,Bug,Flying,17.5,19.5,37.0
4922,Shaymin,Grass,Flying,17.5,19.5,37.0
7021,Dedenne,Electric,Fairy,17.5,19.5,37.0
8002,Necrozma,Psychic,Steel,18.0,19.0,37.0
4151,Combee,Bug,Flying,17.5,19.5,37.0
7951,Pheromosa,Bug,Fighting,17.5,19.5,37.0
4161,Vespiquen,Bug,Flying,17.5,19.5,37.0
2831,Surskit,Bug,Water,17.5,19.5,37.0
3342,Mega Altaria,Dragon,Fairy,17.5,19.5,37.0
4795,Rotom,Electric,Flying,17.5,19.5,37.0
3022,Mega Sableye,Dark,Ghost,18.5,18.5,37.0
3021,Sableye,Dark,Ghost,18.5,18.5,37.0
7941,Buzzwole,Bug,Fighting,17.5,19.5,37.0
3732,Mega Salamence,Dragon,Flying,17.5,19.5,37.0
4361,Bronzor,Steel,Psychic,19.0,18.0,37.0
2911,Ninjask,Bug,Flying,17.5,19.5,37.0
3731,Salamence,Dragon,Flying,17.5,19.5,37.0
3341,Altaria,Dragon,Flying,17.5,19.5,37.0
121,Butterfree,Bug,Flying,17.5,19.5,37.0
4793,Rotom,Electric,Water,17.5,19.5,37.0
2861,Breloom,Grass,Fighting,17.5,19.5,37.0
8821,Dracovish,Water,Dragon,19.5,17.5,37.0
2841,Masquerain,Bug,Flying,17.5,19.5,37.0
1272,Mega Pinsir,Bug,Flying,17.5,19.5,37.0
3751,Metang,Steel,Psychic,19.0,18.0,37.0
3761,Metagross,Steel,Psychic,19.0,18.0,37.0
3762,Mega Metagross,Steel,Psychic,19.0,18.0,37.0
4691,Yanmega,Bug,Flying,17.5,19.5,37.0
7561,Shiinotic,Grass,Fairy,17.5,19.5,37.0
2301,Kingdra,Water,Dragon,19.5,17.5,37.0
7671,Wimpod,Bug,Water,17.5,19.5,37.0
3851,Jirachi,Steel,Psychic,19.0,18.0,37.0
7581,Salazzle,Poison,Fire,17.0,20.0,37.0
7571,Salandit,Poison,Fire,17.0,20.0,37.0
1231,Scyther,Bug,Flying,17.5,19.5,37.0
7551,Morelull,Grass,Fairy,17.5,19.5,37.0
7521,Araquanid,Water,Bug,19.5,17.5,37.0
7511,Dewpider,Water,Bug,19.5,17.5,37.0
7431,Ribombee,Bug,Fairy,17.5,19.5,37.0
7421,Cutiefly,Bug,Fairy,17.5,19.5,37.0
7151,Noivern,Flying,Dragon,19.5,17.5,37.0
5871,Emolga,Electric,Flying,17.5,19.5,37.0
7221,Rowlet,Grass,Flying,17.5,19.5,37.0
2142,Mega Heracross,Bug,Fighting,17.5,19.5,37.0
2141,Heracross,Bug,Fighting,17.5,19.5,37.0
6521,Chesnaught,Grass,Fighting,17.5,19.5,37.0
1871,Hoppip,Grass,Flying,17.5,19.5,37.0
7141,Noibat,Flying,Dragon,19.5,17.5,37.0
7412,Oricorio,Electric,Flying,17.5,19.5,37.0
1881,Skiploom,Grass,Flying,17.5,19.5,37.0
1891,Jumpluff,Grass,Flying,17.5,19.5,37.0
7231,Dartrix,Grass,Flying,17.5,19.5,37.0
3842,Mega Rayquaza,Dragon,Flying,17.5,19.5,37.0
1931,Yanma,Bug,Flying,17.5,19.5,37.0
1491,Dragonite,Dragon,Flying,17.5,19.5,37.0
3841,Rayquaza,Dragon,Flying,17.5,19.5,37.0
1711,Lanturn,Water,Electric,19.5,17.5,37.0
6401,Virizion,Grass,Fighting,17.5,19.5,37.0
1661,Ledian,Bug,Flying,17.5,19.5,37.0
7911,Solgaleo,Psychic,Steel,18.0,19.0,37.0
1651,Ledyba,Bug,Flying,17.5,19.5,37.0
7871,Tapu Bulu,Grass,Fairy,17.5,19.5,37.0
1701,Chinchou,Water,Electric,19.5,17.5,37.0
5461,Cottonee,Grass,Fairy,17.5,19.5,37.0
7851,Tapu Koko,Electric,Fairy,17.5,19.5,37.0
7841,Kommo-o,Dragon,Fighting,17.5,19.5,37.0
6601,Diggersby,Normal,Ground,16.0,21.0,37.0
7831,Hakamo-o,Dragon,Fighting,17.5,19.5,37.0
6421,Thundurus,Electric,Flying,17.5,19.5,37.0
3571,Tropius,Grass,Flying,17.5,19.5,37.0
1451,Zapdos,Electric,Flying,17.5,19.5,37.0
4141,Mothim,Bug,Flying,17.5,19.5,37.0
7681,Golisopod,Bug,Water,17.5,19.5,37.0
6422,Thundurus,Electric,Flying,17.5,19.5,37.0
5471,Whimsicott,Grass,Fairy,17.5,19.5,37.0
4541,Toxicroak,Poison,Fighting,17.0,19.5,36.5
821,Magneton,Electric,Steel,17.5,19.0,36.5
7202,Hoopa,Psychic,Dark,18.0,18.5,36.5
4531,Croagunk,Poison,Fighting,17.0,19.5,36.5
8841,Duraludon,Steel,Dragon,19.0,17.5,36.5
6861,Inkay,Dark,Psychic,18.5,18.0,36.5
6321,Durant,Bug,Steel,17.5,19.0,36.5
7201,Hoopa,Psychic,Ghost,18.0,18.5,36.5
6871,Malamar,Dark,Psychic,18.5,18.0,36.5
411,Zubat,Poison,Flying,17.0,19.5,36.5
731,Tentacruel,Water,Poison,19.5,17.0,36.5
811,Magnemite,Electric,Steel,17.5,19.0,36.5
5981,Ferrothorn,Grass,Steel,17.5,19.0,36.5
1102,Weezing,Poison,Fairy,17.0,19.5,36.5
7981,Kartana,Grass,Steel,17.5,19.0,36.5
7921,Lunala,Psychic,Ghost,18.0,18.5,36.5
8003,Necrozma,Psychic,Ghost,18.0,18.5,36.5
6901,Skrelp,Poison,Water,17.0,19.5,36.5
7771,Togedemaru,Electric,Steel,17.5,19.0,36.5
4133,Wormadam,Bug,Steel,17.5,19.0,36.5
4831,Dialga,Steel,Dragon,19.0,17.5,36.5
7481,Toxapex,Poison,Water,17.0,19.5,36.5
7471,Mareanie,Poison,Water,17.0,19.5,36.5
721,Tentacool,Water,Poison,19.5,17.0,36.5
421,Golbat,Poison,Flying,17.0,19.5,36.5
5891,Escavalier,Bug,Steel,17.5,19.0,36.5
2122,Mega Scizor,Bug,Steel,17.5,19.0,36.5
2121,Scizor,Bug,Steel,17.5,19.0,36.5
2111,Qwilfish,Water,Poison,19.5,17.0,36.5
6491,Genesect,Bug,Steel,17.5,19.0,36.5
5971,Ferroseed,Grass,Steel,17.5,19.0,36.5
4621,Magnezone,Electric,Steel,17.5,19.0,36.5
2051,Forretress,Bug,Steel,17.5,19.0,36.5
1691,Crobat,Poison,Flying,17.0,19.5,36.5
3321,Cacturne,Grass,Dark,17.5,18.5,36.0
8931,Zarude,Dark,Grass,18.5,17.5,36.0
7103,Pumpkaboo,Ghost,Grass,18.5,17.5,36.0
6331,Deino,Dark,Dragon,18.5,17.5,36.0
7113,Gourgeist,Ghost,Grass,18.5,17.5,36.0
7112,Gourgeist,Ghost,Grass,18.5,17.5,36.0
7111,Gourgeist,Ghost,Grass,18.5,17.5,36.0
7104,Pumpkaboo,Ghost,Grass,18.5,17.5,36.0
7102,Pumpkaboo,Ghost,Grass,18.5,17.5,36.0
7101,Pumpkaboo,Ghost,Grass,18.5,17.5,36.0
7091,Trevenant,Ghost,Grass,18.5,17.5,36.0
7081,Phantump,Ghost,Grass,18.5,17.5,36.0
6681,Pyroar,Fire,Normal,20.0,16.0,36.0
6671,Litleo,Fire,Normal,20.0,16.0,36.0
7811,Dhelmise,Ghost,Grass,18.5,17.5,36.0
7991,Guzzlord,Dark,Dragon,18.5,17.5,36.0
7241,Decidueye,Grass,Ghost,17.5,18.5,36.0
6341,Zweilous,Dark,Dragon,18.5,17.5,36.0
6351,Hydreigon,Dark,Dragon,18.5,17.5,36.0
2741,Nuzleaf,Grass,Dark,17.5,18.5,36.0
4872,Giratina,Ghost,Dragon,18.5,17.5,36.0
2921,Shedinja,Bug,Ghost,17.5,18.5,36.0
4791,Rotom,Electric,Ghost,17.5,18.5,36.0
2751,Shiftry,Grass,Dark,17.5,18.5,36.0
8871,Dragapult,Dragon,Ghost,17.5,18.5,36.0
4871,Giratina,Ghost,Dragon,18.5,17.5,36.0
7114,Gourgeist,Ghost,Grass,18.5,17.5,36.0
8861,Drakloak,Dragon,Ghost,17.5,18.5,36.0
8851,Dreepy,Dragon,Ghost,17.5,18.5,36.0
8771,Morpeko,Electric,Dark,17.5,18.5,36.0
3812,Mega Latios,Dragon,Psychic,17.5,18.0,35.5
7601,Bewear,Normal,Fighting,16.0,19.5,35.5
7591,Stufful,Normal,Fighting,16.0,19.5,35.5
8261,Orbeetle,Bug,Psychic,17.5,18.0,35.5
7331,Toucannon,Normal,Flying,16.0,19.5,35.5
7321,Trumbeak,Normal,Flying,16.0,19.5,35.5
7311,Pikipek,Normal,Flying,16.0,19.5,35.5
8251,Dottler,Bug,Psychic,17.5,18.0,35.5
3811,Latios,Dragon,Psychic,17.5,18.0,35.5
8004,Necrozma,Psychic,Dragon,18.0,17.5,35.5
4411,Chatot,Normal,Flying,16.0,19.5,35.5
3961,Starly,Normal,Flying,16.0,19.5,35.5
6271,Rufflet,Normal,Flying,16.0,19.5,35.5
4341,Stunky,Poison,Dark,17.0,18.5,35.5
5191,Pidove,Normal,Flying,16.0,19.5,35.5
5201,Tranquill,Normal,Flying,16.0,19.5,35.5
4282,Mega Lopunny,Normal,Fighting,16.0,19.5,35.5
5211,Unfezant,Normal,Flying,16.0,19.5,35.5
5312,Mega Audino,Normal,Fairy,16.0,19.5,35.5
6281,Braviary,Normal,Flying,16.0,19.5,35.5
3971,Staravia,Normal,Flying,16.0,19.5,35.5
3801,Latias,Dragon,Psychic,17.5,18.0,35.5
6482,Meloetta,Normal,Fighting,16.0,19.5,35.5
6611,Fletchling,Normal,Flying,16.0,19.5,35.5
4521,Drapion,Poison,Dark,17.0,18.5,35.5
4001,Bibarel,Normal,Water,16.0,19.5,35.5
3981,Staraptor,Normal,Flying,16.0,19.5,35.5
3802,Mega Latias,Dragon,Psychic,17.5,18.0,35.5
4351,Skuntank,Poison,Dark,17.0,18.5,35.5
831,Farfetch'd,Normal,Flying,16.0,19.5,35.5
1031,Exeggutor,Grass,Psychic,17.5,18.0,35.5
262,Raichu,Electric,Psychic,17.5,18.0,35.5
221,Fearow,Normal,Flying,16.0,19.5,35.5
211,Spearow,Normal,Flying,16.0,19.5,35.5
942,Mega Gengar,Ghost,Poison,18.5,17.0,35.5
941,Gengar,Ghost,Poison,18.5,17.0,35.5
931,Haunter,Ghost,Poison,18.5,17.0,35.5
921,Gastly,Ghost,Poison,18.5,17.0,35.5
892,Muk,Poison,Dark,17.0,18.5,35.5
882,Grimer,Poison,Dark,17.0,18.5,35.5
161,Pidgey,Normal,Flying,16.0,19.5,35.5
851,Dodrio,Normal,Flying,16.0,19.5,35.5
171,Pidgeotto,Normal,Flying,16.0,19.5,35.5
3331,Swablu,Normal,Flying,16.0,19.5,35.5
841,Doduo,Normal,Flying,16.0,19.5,35.5
2981,Azurill,Normal,Fairy,16.0,19.5,35.5
181,Pidgeot,Normal,Flying,16.0,19.5,35.5
182,Mega Pidgeot,Normal,Flying,16.0,19.5,35.5
1021,Exeggcute,Grass,Psychic,17.5,18.0,35.5
2511,Celebi,Psychic,Grass,18.0,17.5,35.5
1641,Noctowl,Normal,Flying,16.0,19.5,35.5
2761,Taillow,Normal,Flying,16.0,19.5,35.5
391,Jigglypuff,Normal,Fairy,16.0,19.5,35.5
401,Wigglytuff,Normal,Fairy,16.0,19.5,35.5
1631,Hoothoot,Normal,Flying,16.0,19.5,35.5
1741,Igglybuff,Normal,Fairy,16.0,19.5,35.5
2771,Swellow,Normal,Flying,16.0,19.5,35.5
4796,Rotom,Electric,Grass,17.5,17.5,35.0
5421,Leavanny,Bug,Grass,17.5,17.5,35.0
5961,Galvantula,Bug,Electric,17.5,17.5,35.0
1812,Mega Ampharos,Electric,Dragon,17.5,17.5,35.0
1032,Exeggutor,Grass,Dragon,17.5,17.5,35.0
461,Paras,Bug,Grass,17.5,17.5,35.0
6441,Zekrom,Dragon,Electric,17.5,17.5,35.0
802,Slowbro,Poison,Psychic,17.0,18.0,35.0
7371,Charjabug,Bug,Electric,17.5,17.5,35.0
7381,Vikavolt,Bug,Electric,17.5,17.5,35.0
5411,Swadloon,Bug,Grass,17.5,17.5,35.0
4131,Wormadam,Bug,Grass,17.5,17.5,35.0
5401,Sewaddle,Bug,Grass,17.5,17.5,35.0
8411,Flapple,Grass,Dragon,17.5,17.5,35.0
5951,Joltik,Bug,Electric,17.5,17.5,35.0
471,Parasect,Bug,Grass,17.5,17.5,35.0
8801,Dracozolt,Electric,Dragon,17.5,17.5,35.0
8401,Applin,Grass,Dragon,17.5,17.5,35.0
2542,Mega Sceptile,Grass,Dragon,17.5,17.5,35.0
8421,Appletun,Grass,Dragon,17.5,17.5,35.0
441,Gloom,Grass,Poison,17.5,17.0,34.5
491,Venomoth,Bug,Poison,17.5,17.0,34.5
8492,Toxtricity,Electric,Poison,17.5,17.0,34.5
8491,Toxtricity,Electric,Poison,17.5,17.0,34.5
8041,Naganadel,Poison,Dragon,17.0,17.5,34.5
8481,Toxel,Electric,Poison,17.5,17.0,34.5
481,Venonat,Bug,Poison,17.5,17.0,34.5
21,Ivysaur,Grass,Poison,17.5,17.0,34.5
5431,Venipede,Bug,Poison,17.5,17.0,34.5
2691,Dustox,Bug,Poison,17.5,17.0,34.5
431,Oddish,Grass,Poison,17.5,17.0,34.5
3151,Roselia,Grass,Poison,17.5,17.0,34.5
691,Bellsprout,Grass,Poison,17.5,17.0,34.5
5441,Whirlipede,Bug,Poison,17.5,17.0,34.5
2642,Linoone,Dark,Normal,18.5,16.0,34.5
2632,Zigzagoon,Dark,Normal,18.5,16.0,34.5
202,Raticate,Dark,Normal,18.5,16.0,34.5
451,Vileplume,Grass,Poison,17.5,17.0,34.5
4511,Skorupi,Poison,Bug,17.0,17.5,34.5
11,Bulbasaur,Grass,Poison,17.5,17.0,34.5
5451,Scolipede,Bug,Poison,17.5,17.0,34.5
1671,Spinarak,Bug,Poison,17.5,17.0,34.5
5911,Amoonguss,Grass,Poison,17.5,17.0,34.5
131,Weedle,Bug,Poison,17.5,17.0,34.5
701,Weepinbell,Grass,Poison,17.5,17.0,34.5
141,Kakuna,Bug,Poison,17.5,17.0,34.5
4061,Budew,Grass,Poison,17.5,17.0,34.5
8901,Eternatus,Poison,Dragon,17.0,17.5,34.5
6911,Dragalge,Poison,Dragon,17.0,17.5,34.5
1681,Ariados,Bug,Poison,17.5,17.0,34.5
4071,Roserade,Grass,Poison,17.5,17.0,34.5
32,Mega Venusaur,Grass,Poison,17.5,17.0,34.5
151,Beedrill,Bug,Poison,17.5,17.0,34.5
152,Mega Beedrill,Bug,Poison,17.5,17.0,34.5
31,Venusaur,Grass,Poison,17.5,17.0,34.5
8621,Obstagoon,Dark,Normal,18.5,16.0,34.5
711,Victreebel,Grass,Poison,17.5,17.0,34.5
192,Rattata,Dark,Normal,18.5,16.0,34.5
5901,Foongus,Grass,Poison,17.5,17.0,34.5
7651,Oranguru,Normal,Psychic,16.0,18.0,34.0
8761,Indeedee M,Psychic,Normal,18.0,16.0,34.0
8762,Indeedee F,Psychic,Normal,18.0,16.0,34.0
6481,Meloetta,Normal,Psychic,16.0,18.0,34.0
2031,Girafarig,Normal,Psychic,16.0,18.0,34.0
5864,Sawsbuck,Normal,Grass,16.0,17.5,33.5
6941,Helioptile,Electric,Normal,17.5,16.0,33.5
6951,Heliolisk,Electric,Normal,17.5,16.0,33.5
5862,Sawsbuck,Normal,Grass,16.0,17.5,33.5
7801,Drampa,Normal,Dragon,16.0,17.5,33.5
5863,Sawsbuck,Normal,Grass,16.0,17.5,33.5
5861,Sawsbuck,Normal,Grass,16.0,17.5,33.5
5854,Deerling,Normal,Grass,16.0,17.5,33.5
5853,Deerling,Normal,Grass,16.0,17.5,33.5
5852,Deerling,Normal,Grass,16.0,17.5,33.5
5851,Deerling,Normal,Grass,16.0,17.5,33.5
501,Diglett,Ground,,21.0,0.0,21.0
511,Dugtrio,Ground,,21.0,0.0,21.0
1041,Cubone,Ground,,21.0,0.0,21.0
1051,Marowak,Ground,,21.0,0.0,21.0
7491,Mudbray,Ground,,21.0,0.0,21.0
5291,Drilbur,Ground,,21.0,0.0,21.0
2311,Phanpy,Ground,,21.0,0.0,21.0
2321,Donphan,Ground,,21.0,0.0,21.0
281,Sandslash,Ground,,21.0,0.0,21.0
7501,Mudsdale,Ground,,21.0,0.0,21.0
4491,Hippopotas,Ground,,21.0,0.0,21.0
271,Sandshrew,Ground,,21.0,0.0,21.0
4501,Hippowdon,Ground,,21.0,0.0,21.0
3831,Groudon,Ground,,21.0,0.0,21.0
3281,Trapinch,Ground,,21.0,0.0,21.0
8441,Sandaconda,Ground,,21.0,0.0,21.0
8431,Silicobra,Ground,,21.0,0.0,21.0
7452,Lycanroc,Rock,,20.5,0.0,20.5
7451,Lycanroc,Rock,,20.5,0.0,20.5
7453,Lycanroc,Rock,,20.5,0.0,20.5
8371,Rolycoly,Rock,,20.5,0.0,20.5
4381,Bonsly,Rock,,20.5,0.0,20.5
7441,Rockruff,Rock,,20.5,0.0,20.5
7442,Rockruff,Rock,,20.5,0.0,20.5
1851,Sudowoodo,Rock,,20.5,0.0,20.5
2991,Nosepass,Rock,,20.5,0.0,20.5
5241,Roggenrola,Rock,,20.5,0.0,20.5
5251,Boldore,Rock,,20.5,0.0,20.5
4081,Cranidos,Rock,,20.5,0.0,20.5
3771,Regirock,Rock,,20.5,0.0,20.5
8741,Stonjourner,Rock,,20.5,0.0,20.5
5261,Gigalith,Rock,,20.5,0.0,20.5
4091,Rampardos,Rock,,20.5,0.0,20.5
2551,Torchic,Fire,,20.0,0.0,20.0
41,Charmander,Fire,,20.0,0.0,20.0
3241,Torkoal,Fire,,20.0,0.0,20.0
2441,Entei,Fire,,20.0,0.0,20.0
6131,Cubchoo,Ice,,20.0,0.0,20.0
6141,Beartic,Ice,,20.0,0.0,20.0
8752,Eiscue,Ice,,20.0,0.0,20.0
6151,Cryogonal,Ice,,20.0,0.0,20.0
51,Charmeleon,Fire,,20.0,0.0,20.0
6541,Braixen,Fire,,20.0,0.0,20.0
771,Ponyta,Fire,,20.0,0.0,20.0
781,Rapidash,Fire,,20.0,0.0,20.0
5841,Vanilluxe,Ice,,20.0,0.0,20.0
5831,Vanillish,Ice,,20.0,0.0,20.0
5821,Vanillite,Ice,,20.0,0.0,20.0
2181,Slugma,Fire,,20.0,0.0,20.0
3514,Castform,Ice,,20.0,0.0,20.0
7131,Avalugg,Ice,,20.0,0.0,20.0
7251,Litten,Fire,,20.0,0.0,20.0
7261,Torracat,Fire,,20.0,0.0,20.0
7121,Bergmite,Ice,,20.0,0.0,20.0
4711,Glaceon,Ice,,20.0,0.0,20.0
3611,Snorunt,Ice,,20.0,0.0,20.0
3621,Glalie,Ice,,20.0,0.0,20.0
3901,Chimchar,Fire,,20.0,0.0,20.0
3622,Mega Glalie,Ice,,20.0,0.0,20.0
3512,Castform,Fire,,20.0,0.0,20.0
2401,Magby,Fire,,20.0,0.0,20.0
5553,Darmanitan,Ice,,20.0,0.0,20.0
5542,Darumaka,Ice,,20.0,0.0,20.0
5541,Darumaka,Fire,,20.0,0.0,20.0
5551,Darmanitan,Fire,,20.0,0.0,20.0
8751,Eiscue,Ice,,20.0,0.0,20.0
581,Growlithe,Fire,,20.0,0.0,20.0
4671,Magmortar,Fire,,20.0,0.0,20.0
8131,Scorbunny,Fire,,20.0,0.0,20.0
6311,Heatmor,Fire,,20.0,0.0,20.0
8151,Cinderace,Fire,,20.0,0.0,20.0
591,Arcanine,Fire,,20.0,0.0,20.0
1561,Quilava,Fire,,20.0,0.0,20.0
3781,Regice,Ice,,20.0,0.0,20.0
1571,Typhlosion,Fire,,20.0,0.0,20.0
1261,Magmar,Fire,,20.0,0.0,20.0
6531,Fennekin,Fire,,20.0,0.0,20.0
8141,Raboot,Fire,,20.0,0.0,20.0
5131,Pansear,Fire,,20.0,0.0,20.0
5141,Simisear,Fire,,20.0,0.0,20.0
1551,Cyndaquil,Fire,,20.0,0.0,20.0
381,Ninetales,Fire,,20.0,0.0,20.0
372,Vulpix,Ice,,20.0,0.0,20.0
371,Vulpix,Fire,,20.0,0.0,20.0
1361,Flareon,Fire,,20.0,0.0,20.0
4981,Tepig,Fire,,20.0,0.0,20.0
3931,Piplup,Water,,19.5,0.0,19.5
1601,Feraligatr,Water,,19.5,0.0,19.5
1581,Totodile,Water,,19.5,0.0,19.5
1591,Croconaw,Water,,19.5,0.0,19.5
5941,Alomomola,Water,,19.5,0.0,19.5
3821,Kyogre,Water,,19.5,0.0,19.5
3941,Prinplup,Water,,19.5,0.0,19.5
6201,Mienshao,Fighting,,19.5,0.0,19.5
2091,Snubbull,Fairy,,19.5,0.0,19.5
2101,Granbull,Fairy,,19.5,0.0,19.5
71,Squirtle,Water,,19.5,0.0,19.5
81,Wartortle,Water,,19.5,0.0,19.5
8881,Zacian,Fairy,,19.5,0.0,19.5
991,Kingler,Water,,19.5,0.0,19.5
981,Krabby,Water,,19.5,0.0,19.5
91,Blastoise,Water,,19.5,0.0,19.5
92,Mega Blastoise,Water,,19.5,0.0,19.5
6571,Frogadier,Water,,19.5,0.0,19.5
6561,Froakie,Water,,19.5,0.0,19.5
1341,Vaporeon,Water,,19.5,0.0,19.5
3701,Luvdisc,Water,,19.5,0.0,19.5
3822,Primal Kyogre,Water,,19.5,0.0,19.5
6921,Clauncher,Water,,19.5,0.0,19.5
6851,Slurpuff,Fairy,,19.5,0.0,19.5
6841,Swirlix,Fairy,,19.5,0.0,19.5
6831,Aromatisse,Fairy,,19.5,0.0,19.5
6821,Spritzee,Fairy,,19.5,0.0,19.5
6191,Mienfoo,Fighting,,19.5,0.0,19.5
1291,Magikarp,Water,,19.5,0.0,19.5
1861,Politoed,Water,,19.5,0.0,19.5
1191,Seaking,Water,,19.5,0.0,19.5
1181,Goldeen,Water,,19.5,0.0,19.5
8911,Kubfu,Fighting,,19.5,0.0,19.5
6741,Pancham,Fighting,,19.5,0.0,19.5
3661,Clamperl,Water,,19.5,0.0,19.5
6711,Florges,Fairy,,19.5,0.0,19.5
6701,Floette,Fairy,,19.5,0.0,19.5
6412,Tornadus,Flying,,19.5,0.0,19.5
6931,Clawitzer,Water,,19.5,0.0,19.5
1751,Togepi,Fairy,,19.5,0.0,19.5
8891,Zamazanta,Fighting,,19.5,0.0,19.5
1171,Seadra,Water,,19.5,0.0,19.5
3671,Huntail,Water,,19.5,0.0,19.5
1161,Horsea,Water,,19.5,0.0,19.5
7001,Sylveon,Fairy,,19.5,0.0,19.5
1071,Hitmonchan,Fighting,,19.5,0.0,19.5
1731,Cleffa,Fairy,,19.5,0.0,19.5
6691,Flabebe,Fairy,,19.5,0.0,19.5
3681,Gorebyss,Water,,19.5,0.0,19.5
6411,Tornadus,Flying,,19.5,0.0,19.5
1061,Hitmonlee,Fighting,,19.5,0.0,19.5
1201,Staryu,Water,,19.5,0.0,19.5
2971,Hariyama,Fighting,,19.5,0.0,19.5
7161,Xerneas,Fairy,,19.5,0.0,19.5
571,Primeape,Fighting,,19.5,0.0,19.5
5021,Dewott,Water,,19.5,0.0,19.5
5031,Samurott,Water,,19.5,0.0,19.5
7661,Passimian,Fighting,,19.5,0.0,19.5
4471,Riolu,Fighting,,19.5,0.0,19.5
7641,Comfey,Fairy,,19.5,0.0,19.5
601,Poliwag,Water,,19.5,0.0,19.5
611,Poliwhirl,Water,,19.5,0.0,19.5
661,Machop,Fighting,,19.5,0.0,19.5
5151,Panpour,Water,,19.5,0.0,19.5
5161,Simipour,Water,,19.5,0.0,19.5
3201,Wailmer,Water,,19.5,0.0,19.5
671,Machoke,Fighting,,19.5,0.0,19.5
681,Machamp,Fighting,,19.5,0.0,19.5
7462,Wishiwashi,Water,,19.5,0.0,19.5
7461,Wishiwashi,Water,,19.5,0.0,19.5
5011,Oshawott,Water,,19.5,0.0,19.5
561,Mankey,Fighting,,19.5,0.0,19.5
3211,Wailord,Water,,19.5,0.0,19.5
551,Golduck,Water,,19.5,0.0,19.5
2961,Makuhita,Fighting,,19.5,0.0,19.5
351,Clefairy,Fairy,,19.5,0.0,19.5
361,Clefable,Fairy,,19.5,0.0,19.5
8161,Sobble,Water,,19.5,0.0,19.5
8171,Drizzile,Water,,19.5,0.0,19.5
8181,Inteleon,Water,,19.5,0.0,19.5
8211,Rookidee,Flying,,19.5,0.0,19.5
8221,Convisquire,Flying,,19.5,0.0,19.5
4571,Lumineon,Water,,19.5,0.0,19.5
4561,Finneon,Water,,19.5,0.0,19.5
4891,Phione,Water,,19.5,0.0,19.5
4901,Manaphy,Water,,19.5,0.0,19.5
8331,Chewtle,Water,,19.5,0.0,19.5
541,Psyduck,Water,,19.5,0.0,19.5
7711,Pyukumuku,Water,,19.5,0.0,19.5
8701,Falinks,Fighting,,19.5,0.0,19.5
2581,Mudkip,Water,,19.5,0.0,19.5
5321,Timburr,Fighting,,19.5,0.0,19.5
2231,Remoraid,Water,,19.5,0.0,19.5
4222,Shellos,Water,,19.5,0.0,19.5
5331,Gurdurr,Fighting,,19.5,0.0,19.5
7291,Brionne,Water,,19.5,0.0,19.5
8651,Sirfetch'd,Fighting,,19.5,0.0,19.5
4191,Floatzel,Water,,19.5,0.0,19.5
2241,Octillery,Water,,19.5,0.0,19.5
7281,Popplio,Water,,19.5,0.0,19.5
2371,Hitmontop,Fighting,,19.5,0.0,19.5
4181,Buizel,Water,,19.5,0.0,19.5
861,Seel,Water,,19.5,0.0,19.5
3513,Castform,Water,,19.5,0.0,19.5
901,Shellder,Water,,19.5,0.0,19.5
8681,Milcery,Fairy,,19.5,0.0,19.5
8691,Alcremie,Fairy,,19.5,0.0,19.5
2361,Tyrogue,Fighting,,19.5,0.0,19.5
4221,Shellos,Water,,19.5,0.0,19.5
3501,Milotic,Water,,19.5,0.0,19.5
8531,Grapploct,Fighting,,19.5,0.0,19.5
5341,Conkeldurr,Fighting,,19.5,0.0,19.5
5351,Tympole,Water,,19.5,0.0,19.5
5381,Throh,Fighting,,19.5,0.0,19.5
5391,Sawk,Fighting,,19.5,0.0,19.5
8461,Arrokuda,Water,,19.5,0.0,19.5
7391,Crabrawler,Fighting,,19.5,0.0,19.5
8521,Clobbopus,Fighting,,19.5,0.0,19.5
8471,Barraskewda,Water,,19.5,0.0,19.5
2451,Suicune,Water,,19.5,0.0,19.5
3411,Corphish,Water,,19.5,0.0,19.5
3491,Feebas,Water,,19.5,0.0,19.5
5501,Basculin,Water,,19.5,0.0,19.5
5502,Basculin,Water,,19.5,0.0,19.5
832,Farfetch'd,Fighting,,19.5,0.0,19.5
523,Meowth,Steel,,19.0,0.0,19.0
8631,Perrserker,Steel,,19.0,0.0,19.0
8091,Melmetal,Steel,,19.0,0.0,19.0
8081,Meltan,Steel,,19.0,0.0,19.0
8791,Copperajah,Steel,,19.0,0.0,19.0
8781,Cufant,Steel,,19.0,0.0,19.0
3791,Registeel,Steel,,19.0,0.0,19.0
3062,Mega Aggron,Steel,,19.0,0.0,19.0
5991,Klink,Steel,,19.0,0.0,19.0
6011,Klinklang,Steel,,19.0,0.0,19.0
6001,Klang,Steel,,19.0,0.0,19.0
5621,Yamask,Ghost,,18.5,0.0,18.5
3541,Banette,Ghost,,18.5,0.0,18.5
4291,Mismagius,Ghost,,18.5,0.0,18.5
8271,Nickit,Dark,,18.5,0.0,18.5
8281,Thievul,Dark,,18.5,0.0,18.5
3542,Mega Banette,Ghost,,18.5,0.0,18.5
4911,Darkrai,Dark,,18.5,0.0,18.5
3531,Shuppet,Ghost,,18.5,0.0,18.5
2222,Corsola,Ghost,,18.5,0.0,18.5
2621,Mightyena,Dark,,18.5,0.0,18.5
1971,Umbreon,Dark,,18.5,0.0,18.5
2001,Misdreavus,Ghost,,18.5,0.0,18.5
2611,Poochyena,Dark,,18.5,0.0,18.5
8641,Cursola,Ghost,,18.5,0.0,18.5
8551,Polteageist,Ghost,,18.5,0.0,18.5
522,Meowth,Dark,,18.5,0.0,18.5
3551,Duskull,Ghost,,18.5,0.0,18.5
8541,Sinistea,Ghost,,18.5,0.0,18.5
5091,Purrloin,Dark,,18.5,0.0,18.5
3561,Dusclops,Ghost,,18.5,0.0,18.5
5631,Cofagrigus,Ghost,,18.5,0.0,18.5
5711,Zoroark,Dark,,18.5,0.0,18.5
5701,Zorua,Dark,,18.5,0.0,18.5
5101,Liepard,Dark,,18.5,0.0,18.5
3591,Absol,Dark,,18.5,0.0,18.5
4771,Dusknoir,Ghost,,18.5,0.0,18.5
3592,Mega Absol,Dark,,18.5,0.0,18.5
532,Persian,Dark,,18.5,0.0,18.5
7901,Cosmoem,Psychic,,18.0,0.0,18.0
4821,Azelf,Psychic,,18.0,0.0,18.0
7891,Cosmog,Psychic,,18.0,0.0,18.0
3251,Spoink,Psychic,,18.0,0.0,18.0
3261,Grumpig,Psychic,,18.0,0.0,18.0
4331,Chingling,Psychic,,18.0,0.0,18.0
8001,Necrozma,Psychic,,18.0,0.0,18.0
971,Hypno,Psychic,,18.0,0.0,18.0
5741,Gothita,Psychic,,18.0,0.0,18.0
4811,Mesprit,Psychic,,18.0,0.0,18.0
961,Drowzee,Psychic,,18.0,0.0,18.0
5761,Gothitelle,Psychic,,18.0,0.0,18.0
5771,Solosis,Psychic,,18.0,0.0,18.0
4801,Uxie,Psychic,,18.0,0.0,18.0
5781,Duosion,Psychic,,18.0,0.0,18.0
772,Ponyta,Psychic,,18.0,0.0,18.0
5791,Reuniclus,Psychic,,18.0,0.0,18.0
792,Slowpoke,Psychic,,18.0,0.0,18.0
5751,Gothorita,Psychic,,18.0,0.0,18.0
2011,Unown,Psychic,,18.0,0.0,18.0
6051,Elgyem,Psychic,,18.0,0.0,18.0
1503,Mega Mewtwo Y,Psychic,,18.0,0.0,18.0
3862,Deoxys,Psychic,,18.0,0.0,18.0
3863,Deoxys,Psychic,,18.0,0.0,18.0
3864,Deoxys,Psychic,,18.0,0.0,18.0
3601,Wynaut,Psychic,,18.0,0.0,18.0
3581,Chimecho,Psychic,,18.0,0.0,18.0
631,Abra,Psychic,,18.0,0.0,18.0
641,Kadabra,Psychic,,18.0,0.0,18.0
651,Alakazam,Psychic,,18.0,0.0,18.0
6061,Beheeyem,Psychic,,18.0,0.0,18.0
652,Mega Alakazam,Psychic,,18.0,0.0,18.0
6771,Espurr,Psychic,,18.0,0.0,18.0
6781,Meowstic M,Psychic,,18.0,0.0,18.0
6782,Meowstic F,Psychic,,18.0,0.0,18.0
3861,Deoxys,Psychic,,18.0,0.0,18.0
5171,Munna,Psychic,,18.0,0.0,18.0
5181,Musharna,Psychic,,18.0,0.0,18.0
1961,Espeon,Psychic,,18.0,0.0,18.0
4881,Cresselia,Psychic,,18.0,0.0,18.0
8571,Hattrem,Psychic,,18.0,0.0,18.0
8561,Hatenna,Psychic,,18.0,0.0,18.0
1511,Mew,Psychic,,18.0,0.0,18.0
2021,Wobbuffet,Psychic,,18.0,0.0,18.0
1501,Mewtwo,Psychic,,18.0,0.0,18.0
8071,Zeraora,Electric,,17.5,0.0,17.5
4951,Snivy,Grass,,17.5,0.0,17.5
4701,Leafeon,Grass,,17.5,0.0,17.5
4661,Electivire,Electric,,17.5,0.0,17.5
4961,Servine,Grass,,17.5,0.0,17.5
8101,Grookey,Grass,,17.5,0.0,17.5
7961,Xurkitree,Electric,,17.5,0.0,17.5
2651,Wurmple,Bug,,17.5,0.0,17.5
2851,Shroomish,Grass,,17.5,0.0,17.5
4921,Shaymin,Grass,,17.5,0.0,17.5
7821,Jangmo-o,Dragon,,17.5,0.0,17.5
2731,Seedot,Grass,,17.5,0.0,17.5
2681,Cascoon,Bug,,17.5,0.0,17.5
8111,Thwackey,Grass,,17.5,0.0,17.5
2661,Silcoon,Bug,,17.5,0.0,17.5
1521,Chikorita,Grass,,17.5,0.0,17.5
8291,Gossifleur,Grass,,17.5,0.0,17.5
8121,Rillaboom,Grass,,17.5,0.0,17.5
4031,Shinx,Electric,,17.5,0.0,17.5
4171,Pachirisu,Electric,,17.5,0.0,17.5
8711,Pincurchin,Electric,,17.5,0.0,17.5
4123,Burmy,Bug,,17.5,0.0,17.5
4122,Burmy,Bug,,17.5,0.0,17.5
4121,Burmy,Bug,,17.5,0.0,17.5
4051,Luxray,Electric,,17.5,0.0,17.5
4041,Luxio,Electric,,17.5,0.0,17.5
4021,Kricketune,Bug,,17.5,0.0,17.5
4651,Tangrowth,Grass,,17.5,0.0,17.5
4011,Kricketot,Bug,,17.5,0.0,17.5
111,Metapod,Bug,,17.5,0.0,17.5
101,Caterpie,Bug,,17.5,0.0,17.5
3881,Grotle,Grass,,17.5,0.0,17.5
3871,Turtwig,Grass,,17.5,0.0,17.5
3711,Bagon,Dragon,,17.5,0.0,17.5
3721,Shelgon,Dragon,,17.5,0.0,17.5
4201,Cherubi,Grass,,17.5,0.0,17.5
4211,Cherrim,Grass,,17.5,0.0,17.5
4212,Cherrim,Grass,,17.5,0.0,17.5
3311,Cacnea,Grass,,17.5,0.0,17.5
3091,Electrike,Electric,,17.5,0.0,17.5
3101,Manectric,Electric,,17.5,0.0,17.5
3102,Mega Manectric,Electric,,17.5,0.0,17.5
3111,Plusle,Electric,,17.5,0.0,17.5
3121,Minun,Electric,,17.5,0.0,17.5
8241,Blipbug,Bug,,17.5,0.0,17.5
261,Raichu,Electric,,17.5,0.0,17.5
251,Pikachu,Electric,,17.5,0.0,17.5
6511,Quilladin,Grass,,17.5,0.0,17.5
8301,Eldegoss,Grass,,17.5,0.0,17.5
4551,Carnivine,Grass,,17.5,0.0,17.5
8351,Yamper,Electric,,17.5,0.0,17.5
8361,Boltund,Electric,,17.5,0.0,17.5
3131,Volbeat,Bug,,17.5,0.0,17.5
3141,Illumise,Bug,,17.5,0.0,17.5
4971,Serperior,Grass,,17.5,0.0,17.5
1791,Mareep,Electric,,17.5,0.0,17.5
6021,Tynamo,Electric,,17.5,0.0,17.5
6161,Shelmet,Bug,,17.5,0.0,17.5
1811,Ampharos,Electric,,17.5,0.0,17.5
6721,Skiddo,Grass,,17.5,0.0,17.5
5561,Maractus,Grass,,17.5,0.0,17.5
2391,Elekid,Electric,,17.5,0.0,17.5
6731,Gogoat,Grass,,17.5,0.0,17.5
1821,Bellossom,Grass,,17.5,0.0,17.5
1271,Pinsir,Bug,,17.5,0.0,17.5
1911,Sunkern,Grass,,17.5,0.0,17.5
1921,Sunflora,Grass,,17.5,0.0,17.5
6211,Druddigon,Dragon,,17.5,0.0,17.5
1251,Electabuzz,Electric,,17.5,0.0,17.5
6171,Accelgor,Bug,,17.5,0.0,17.5
5881,Karrablast,Bug,,17.5,0.0,17.5
1721,Pichu,Electric,,17.5,0.0,17.5
6121,Haxorus,Dragon,,17.5,0.0,17.5
1001,Voltorb,Electric,,17.5,0.0,17.5
1011,Electrode,Electric,,17.5,0.0,17.5
2041,Pineco,Bug,,17.5,0.0,17.5
6031,Eelektrik,Electric,,17.5,0.0,17.5
6041,Eelektross,Electric,,17.5,0.0,17.5
7061,Goodra,Dragon,,17.5,0.0,17.5
6111,Fraxure,Dragon,,17.5,0.0,17.5
7051,Sliggoo,Dragon,,17.5,0.0,17.5
7041,Goomy,Dragon,,17.5,0.0,17.5
6101,Axew,Dragon,,17.5,0.0,17.5
1141,Tangela,Grass,,17.5,0.0,17.5
1801,Flaaffy,Electric,,17.5,0.0,17.5
7361,Grubbin,Bug,,17.5,0.0,17.5
5111,Pansage,Grass,,17.5,0.0,17.5
1351,Jolteon,Electric,,17.5,0.0,17.5
6651,Spewpa,Bug,,17.5,0.0,17.5
6641,Scatterbug,Bug,,17.5,0.0,17.5
7531,Fomantis,Grass,,17.5,0.0,17.5
7541,Lurantis,Grass,,17.5,0.0,17.5
5221,Blitzle,Electric,,17.5,0.0,17.5
5231,Zebstrika,Electric,,17.5,0.0,17.5
1471,Dratini,Dragon,,17.5,0.0,17.5
1481,Dragonair,Dragon,,17.5,0.0,17.5
1541,Meganium,Grass,,17.5,0.0,17.5
7611,Bounsweet,Grass,,17.5,0.0,17.5
5121,Simisage,Grass,,17.5,0.0,17.5
7621,Steenee,Grass,,17.5,0.0,17.5
2541,Sceptile,Grass,,17.5,0.0,17.5
2431,Raikou,Electric,,17.5,0.0,17.5
5491,Lilligant,Grass,,17.5,0.0,17.5
1531,Bayleef,Grass,,17.5,0.0,17.5
5481,Petilil,Grass,,17.5,0.0,17.5
2521,Treecko,Grass,,17.5,0.0,17.5
2531,Grovyle,Grass,,17.5,0.0,17.5
7631,Tsareena,Grass,,17.5,0.0,17.5
6501,Chespin,Grass,,17.5,0.0,17.5
1101,Weezing,Poison,,17.0,0.0,17.0
241,Arbok,Poison,,17.0,0.0,17.0
1091,Koffing,Poison,,17.0,0.0,17.0
231,Ekans,Poison,,17.0,0.0,17.0
3161,Gulpin,Poison,,17.0,0.0,17.0
891,Muk,Poison,,17.0,0.0,17.0
3171,Swalot,Poison,,17.0,0.0,17.0
3361,Seviper,Poison,,17.0,0.0,17.0
331,Nidorino,Poison,,17.0,0.0,17.0
5691,Garbodor,Poison,,17.0,0.0,17.0
321,Nidoran M,Poison,,17.0,0.0,17.0
5681,Trubbish,Poison,,17.0,0.0,17.0
301,Nidorina,Poison,,17.0,0.0,17.0
291,Nidoran F,Poison,,17.0,0.0,17.0
8031,Poipole,Poison,,17.0,0.0,17.0
881,Grimer,Poison,,17.0,0.0,17.0
3991,Bidoof,Normal,,16.0,0.0,16.0
6261,Bouffalant,Normal,,16.0,0.0,16.0
1151,Kangaskhan,Normal,,16.0,0.0,16.0
1152,Mega Kangaskhan,Normal,,16.0,0.0,16.0
1331,Eevee,Normal,,16.0,0.0,16.0
201,Raticate,Normal,,16.0,0.0,16.0
6761,Furfrou,Normal,,16.0,0.0,16.0
1321,Ditto,Normal,,16.0,0.0,16.0
4281,Lopunny,Normal,,16.0,0.0,16.0
1281,Tauros,Normal,,16.0,0.0,16.0
6591,Bunnelby,Normal,,16.0,0.0,16.0
1611,Sentret,Normal,,16.0,0.0,16.0
1901,Aipom,Normal,,16.0,0.0,16.0
191,Rattata,Normal,,16.0,0.0,16.0
4271,Buneary,Normal,,16.0,0.0,16.0
4241,Ambipom,Normal,,16.0,0.0,16.0
1431,Snorlax,Normal,,16.0,0.0,16.0
1371,Porygon,Normal,,16.0,0.0,16.0
3511,Castform,Normal,,16.0,0.0,16.0
3521,Kecleon,Normal,,16.0,0.0,16.0
1621,Furret,Normal,,16.0,0.0,16.0
5061,Lillipup,Normal,,16.0,0.0,16.0
4311,Glameow,Normal,,16.0,0.0,16.0
4321,Purugly,Normal,,16.0,0.0,16.0
4741,Porygon-Z,Normal,,16.0,0.0,16.0
2951,Exploud,Normal,,16.0,0.0,16.0
2941,Loudred,Normal,,16.0,0.0,16.0
2931,Whismur,Normal,,16.0,0.0,16.0
2891,Slaking,Normal,,16.0,0.0,16.0
2411,Miltank,Normal,,16.0,0.0,16.0
2881,Vigoroth,Normal,,16.0,0.0,16.0
2871,Slakoth,Normal,,16.0,0.0,16.0
2421,Blissey,Normal,,16.0,0.0,16.0
4861,Regigigas,Normal,,16.0,0.0,16.0
5311,Audino,Normal,,16.0,0.0,16.0
2631,Zigzagoon,Normal,,16.0,0.0,16.0
521,Meowth,Normal,,16.0,0.0,16.0
531,Persian,Normal,,16.0,0.0,16.0
7751,Komala,Normal,,16.0,0.0,16.0
5081,Stoutland,Normal,,16.0,0.0,16.0
4931,Arceus,Normal,,16.0,0.0,16.0
7731,Silvally,Normal,,16.0,0.0,16.0
7721,Type: Null,Normal,,16.0,0.0,16.0
5071,Herdier,Normal,,16.0,0.0,16.0
5041,Patrat,Normal,,16.0,0.0,16.0
7351,Gumshoos,Normal,,16.0,0.0,16.0
3001,Skitty,Normal,,16.0,0.0,16.0
7341,Yungoos,Normal,,16.0,0.0,16.0
2061,Dunsparce,Normal,,16.0,0.0,16.0
1131,Chansey,Normal,,16.0,0.0,16.0
3351,Zangoose,Normal,,16.0,0.0,16.0
4401,Happiny,Normal,,16.0,0.0,16.0
3271,Spinda,Normal,,16.0,0.0,16.0
4461,Munchlax,Normal,,16.0,0.0,16.0
1081,Lickitung,Normal,,16.0,0.0,16.0
8321,Dubwool,Normal,,16.0,0.0,16.0
8311,Wooloo,Normal,,16.0,0.0,16.0
5051,Watchog,Normal,,16.0,0.0,16.0
2161,Teddiursa,Normal,,16.0,0.0,16.0
2351,Smeargle,Normal,,16.0,0.0,16.0
2171,Ursaring,Normal,,16.0,0.0,16.0
5731,Cinccino,Normal,,16.0,0.0,16.0
8201,Greedent,Normal,,16.0,0.0,16.0
8191,Skwovet,Normal,,16.0,0.0,16.0
5721,Minccino,Normal,,16.0,0.0,16.0
4631,Lickilicky,Normal,,16.0,0.0,16.0
3011,Delcatty,Normal,,16.0,0.0,16.0
2331,Porygon2,Normal,,16.0,0.0,16.0
2341,Stantler,Normal,,16.0,0.0,16.0
2641,Linoone,Normal,,16.0,0.0,16.0
